{"data": {"attributes": {"position": {"itemSize": 3, "type": "Float32Array", "array": [0, 0, -1, 0.425323, -0.309011, -0.850654, -0.162456, -0.499995, -0.850654, 0.723607, -0.525725, -0.44722, 0.425323, -0.309011, -0.850654, 0.850648, 0, -0.525736, 0, 0, -1, -0.162456, -0.499995, -0.850654, -0.52573, 0, -0.850652, 0, 0, -1, -0.52573, 0, -0.850652, -0.162456, 0.499995, -0.850654, 0, 0, -1, -0.162456, 0.499995, -0.850654, 0.425323, 0.309011, -0.850654, 0.723607, -0.525725, -0.44722, 0.850648, 0, -0.525736, 0.951058, -0.309013, 0, -0.276388, -0.850649, -0.44722, 0.262869, -0.809012, -0.525738, 0, -1, 0, -0.894426, 0, -0.447216, -0.688189, -0.499997, -0.525736, -0.951058, -0.309013, 0, -0.276388, 0.850649, -0.44722, -0.688189, 0.499997, -0.525736, -0.587786, 0.809017, 0, 0.723607, 0.525725, -0.44722, 0.262869, 0.809012, -0.525738, 0.587786, 0.809017, 0, 0.723607, -0.525725, -0.44722, 0.951058, -0.309013, 0, 0.587786, -0.809017, 0, -0.276388, -0.850649, -0.44722, 0, -1, 0, -0.587786, -0.809017, 0, -0.894426, 0, -0.447216, -0.951058, -0.309013, 0, -0.951058, 0.309013, 0, -0.276388, 0.850649, -0.44722, -0.587786, 0.809017, 0, 0, 1, 0, 0.723607, 0.525725, -0.44722, 0.587786, 0.809017, 0, 0.951058, 0.309013, 0, 0.276388, -0.850649, 0.44722, 0.688189, -0.499997, 0.525736, 0.162456, -0.499995, 0.850654, -0.723607, -0.525725, 0.44722, -0.262869, -0.809012, 0.525738, -0.425323, -0.309011, 0.850654, -0.723607, 0.525725, 0.44722, -0.850648, 0, 0.525736, -0.425323, 0.309011, 0.850654, 0.276388, 0.850649, 0.44722, -0.262869, 0.809012, 0.525738, 0.162456, 0.499995, 0.850654, 0.894426, 0, 0.447216, 0.688189, 0.499997, 0.525736, 0.52573, 0, 0.850652, 0.52573, 0, 0.850652, 0.162456, 0.499995, 0.850654, 0, 0, 1, 0.52573, 0, 0.850652, 0.688189, 0.499997, 0.525736, 0.162456, 0.499995, 0.850654, 0.688189, 0.499997, 0.525736, 0.276388, 0.850649, 0.44722, 0.162456, 0.499995, 0.850654, 0.162456, 0.499995, 0.850654, -0.425323, 0.309011, 0.850654, 0, 0, 1, 0.162456, 0.499995, 0.850654, -0.262869, 0.809012, 0.525738, -0.425323, 0.309011, 0.850654, -0.262869, 0.809012, 0.525738, -0.723607, 0.525725, 0.44722, -0.425323, 0.309011, 0.850654, -0.425323, 0.309011, 0.850654, -0.425323, -0.309011, 0.850654, 0, 0, 1, -0.425323, 0.309011, 0.850654, -0.850648, 0, 0.525736, -0.425323, -0.309011, 0.850654, -0.850648, 0, 0.525736, -0.723607, -0.525725, 0.44722, -0.425323, -0.309011, 0.850654, -0.425323, -0.309011, 0.850654, 0.162456, -0.499995, 0.850654, 0, 0, 1, -0.425323, -0.309011, 0.850654, -0.262869, -0.809012, 0.525738, 0.162456, -0.499995, 0.850654, -0.262869, -0.809012, 0.525738, 0.276388, -0.850649, 0.44722, 0.162456, -0.499995, 0.850654, 0.162456, -0.499995, 0.850654, 0.52573, 0, 0.850652, 0, 0, 1, 0.162456, -0.499995, 0.850654, 0.688189, -0.499997, 0.525736, 0.52573, 0, 0.850652, 0.688189, -0.499997, 0.525736, 0.894426, 0, 0.447216, 0.52573, 0, 0.850652, 0.951058, 0.309013, 0, 0.688189, 0.499997, 0.525736, 0.894426, 0, 0.447216, 0.951058, 0.309013, 0, 0.587786, 0.809017, 0, 0.688189, 0.499997, 0.525736, 0.587786, 0.809017, 0, 0.276388, 0.850649, 0.44722, 0.688189, 0.499997, 0.525736, 0, 1, 0, -0.262869, 0.809012, 0.525738, 0.276388, 0.850649, 0.44722, 0, 1, 0, -0.587786, 0.809017, 0, -0.262869, 0.809012, 0.525738, -0.587786, 0.809017, 0, -0.723607, 0.525725, 0.44722, -0.262869, 0.809012, 0.525738, -0.951058, 0.309013, 0, -0.850648, 0, 0.525736, -0.723607, 0.525725, 0.44722, -0.951058, 0.309013, 0, -0.951058, -0.309013, 0, -0.850648, 0, 0.525736, -0.951058, -0.309013, 0, -0.723607, -0.525725, 0.44722, -0.850648, 0, 0.525736, -0.587786, -0.809017, 0, -0.262869, -0.809012, 0.525738, -0.723607, -0.525725, 0.44722, -0.587786, -0.809017, 0, 0, -1, 0, -0.262869, -0.809012, 0.525738, 0, -1, 0, 0.276388, -0.850649, 0.44722, -0.262869, -0.809012, 0.525738, 0.587786, -0.809017, 0, 0.688189, -0.499997, 0.525736, 0.276388, -0.850649, 0.44722, 0.587786, -0.809017, 0, 0.951058, -0.309013, 0, 0.688189, -0.499997, 0.525736, 0.951058, -0.309013, 0, 0.894426, 0, 0.447216, 0.688189, -0.499997, 0.525736, 0.587786, 0.809017, 0, 0, 1, 0, 0.276388, 0.850649, 0.44722, 0.587786, 0.809017, 0, 0.262869, 0.809012, -0.525738, 0, 1, 0, 0.262869, 0.809012, -0.525738, -0.276388, 0.850649, -0.44722, 0, 1, 0, -0.587786, 0.809017, 0, -0.951058, 0.309013, 0, -0.723607, 0.525725, 0.44722, -0.587786, 0.809017, 0, -0.688189, 0.499997, -0.525736, -0.951058, 0.309013, 0, -0.688189, 0.499997, -0.525736, -0.894426, 0, -0.447216, -0.951058, 0.309013, 0, -0.951058, -0.309013, 0, -0.587786, -0.809017, 0, -0.723607, -0.525725, 0.44722, -0.951058, -0.309013, 0, -0.688189, -0.499997, -0.525736, -0.587786, -0.809017, 0, -0.688189, -0.499997, -0.525736, -0.276388, -0.850649, -0.44722, -0.587786, -0.809017, 0, 0, -1, 0, 0.587786, -0.809017, 0, 0.276388, -0.850649, 0.44722, 0, -1, 0, 0.262869, -0.809012, -0.525738, 0.587786, -0.809017, 0, 0.262869, -0.809012, -0.525738, 0.723607, -0.525725, -0.44722, 0.587786, -0.809017, 0, 0.951058, -0.309013, 0, 0.951058, 0.309013, 0, 0.894426, 0, 0.447216, 0.951058, -0.309013, 0, 0.850648, 0, -0.525736, 0.951058, 0.309013, 0, 0.850648, 0, -0.525736, 0.723607, 0.525725, -0.44722, 0.951058, 0.309013, 0, 0.425323, 0.309011, -0.850654, 0.262869, 0.809012, -0.525738, 0.723607, 0.525725, -0.44722, 0.425323, 0.309011, -0.850654, -0.162456, 0.499995, -0.850654, 0.262869, 0.809012, -0.525738, -0.162456, 0.499995, -0.850654, -0.276388, 0.850649, -0.44722, 0.262869, 0.809012, -0.525738, -0.162456, 0.499995, -0.850654, -0.688189, 0.499997, -0.525736, -0.276388, 0.850649, -0.44722, -0.162456, 0.499995, -0.850654, -0.52573, 0, -0.850652, -0.688189, 0.499997, -0.525736, -0.52573, 0, -0.850652, -0.894426, 0, -0.447216, -0.688189, 0.499997, -0.525736, -0.52573, 0, -0.850652, -0.688189, -0.499997, -0.525736, -0.894426, 0, -0.447216, -0.52573, 0, -0.850652, -0.162456, -0.499995, -0.850654, -0.688189, -0.499997, -0.525736, -0.162456, -0.499995, -0.850654, -0.276388, -0.850649, -0.44722, -0.688189, -0.499997, -0.525736, 0.850648, 0, -0.525736, 0.425323, 0.309011, -0.850654, 0.723607, 0.525725, -0.44722, 0.850648, 0, -0.525736, 0.425323, -0.309011, -0.850654, 0.425323, 0.309011, -0.850654, 0.425323, -0.309011, -0.850654, 0, 0, -1, 0.425323, 0.309011, -0.850654, -0.162456, -0.499995, -0.850654, 0.262869, -0.809012, -0.525738, -0.276388, -0.850649, -0.44722, -0.162456, -0.499995, -0.850654, 0.425323, -0.309011, -0.850654, 0.262869, -0.809012, -0.525738, 0.425323, -0.309011, -0.850654, 0.723607, -0.525725, -0.44722, 0.262869, -0.809012, -0.525738], "normalized": false}, "uv": {"itemSize": 2, "type": "Float32Array",